,name,space,fans
0,MR.迷瞪,https://space.bilibili.com/304578055,17560000
1,蒜蒜蒜了八,https://space.bilibili.com/12379882,3640000
2,苏打桃桃soda,https://space.bilibili.com/18194933,1490000
3,马尚瀛,https://space.bilibili.com/652151234,330000
4,种装家的盘达,https://space.bilibili.com/434969903,1870000
5,嘻嘻就是赵小姐,https://space.bilibili.com/88115701,180000
6,李小冷不冷,https://space.bilibili.com/1162248798,5820000
7,杨六娃本娃,https://space.bilibili.com/353806838,4480000
8,住范儿,https://space.bilibili.com/454560170,17940000
9,玉头的造物集,https://space.bilibili.com/40382041,5210000
10,最美中国家,https://space.bilibili.com/516428148,1420000
