,304578055,12379882,18194933,652151234,434969903,88115701,1162248798,353806838,454560170,40382041
0,BV1mk4y1Q73n,BV1iK4y1B7E3,BV1yT411b7iT,BV1oe411n7q3,BV1Ue41117Sk,BV1QN4y1b7qU,BV1jk4y1U7xo,BV1Qi4y1W7ZT,BV1rN4y1p713,BV1oL41167Cc
1,BV1mN4y1q71U,BV1Ge411H7jY,BV1qs4y1c71v,BV1hw411E7xu,BV13C4y1Y7N5,BV1Jb4y1M7rE,BV1Ub4y1P7jr,BV1Ki4y1B7a5,BV1yC4y1e7eB,BV1A24y1s72F
2,BV1Be411B7S1,BV1me411q7Rc,BV1HL411U7Pn,BV1DQ4y1w7M2,BV1rC4y1S7kL,BV1rw411p78f,BV1kg4y1S7RA,BV1PK411x7Rm,BV1o94y1F7Nu,BV1cM411P7uJ
3,BV1s64y1W7LP,BV1664y157f8,BV1m24y1L7JU,BV1ZK411Y7Ce,BV1qQ4y1V7jN,BV1jG41127hM,BV1WC4y1Y7rd,BV1Se411i74X,BV15G411e748,BV1vP4y1P7ey
4,BV1ei4y1v7qN,BV1934y1F7ek,BV1w54y137i2,BV12C4y1k7CC,BV1WC4y1A75y,BV11w411A7tL,BV1xN4y1x7iv,BV1te411B7kC,BV1794y1773H,BV11b4y1y7gf
5,BV1ie411Z72a,BV1va4y1Z7yw,BV1VP4y1r7Ga,BV1YQ4y157mG,BV1nb4y1T7jp,BV16V411P7Yd,BV1gC4y1D7zb,BV1du4y1u7rS,BV1MC4y1A74X,BV1Vv411J7wy
6,BV1bu4y1N7Mf,BV1XC4y1P7fi,BV1BV4y1F7RC,BV1DT4y1n7eb,BV12j411E7CR,BV1DP411h7Qw,BV1H64y1V7Dm,BV1Yu4y1G7Yw,BV1db4y1u7Fu,BV11M4y1N7UJ
7,BV1nG41197bo,BV1Le411D7iV,BV1414y1T7rK,BV1fc411t7SG,BV1Dw411K7eo,BV17N4y1R7jY,BV1RG411Y7R9,BV1Ec411B79i,BV1Yu4y1Y7DD,BV1Aq4y1p79X
8,BV1NG411y7dU,BV1vG41197BT,BV1ie411L7G4,BV1h94y1u7PN,BV1qQ4y1J7At,BV1R14y1v7C8,BV1SN411L72g,BV1nG411i7oE,BV1iB4y1R79x,BV12V411W7Gg
9,BV1Au4y177Ew,BV1Ba4y1D767,BV19g411e7Pi,BV1Bt4y1d7QJ,BV1SQ4y1H7qR,BV1zm4y1x7Ju,BV1ZQ4y1x7r1,BV1jN4y1m7hT,BV1zQ4y1s7Zf,BV1GU4y1371Q
10,BV1nu4y1Y7Bj,BV18j411e7cZ,BV1Kg411e7BQ,BV18Q4y1j7WR,BV1Qh4y1i74H,BV1xh4y1Z7t6,BV1aj411L78X,BV1ku4y1b7cE,BV1Lp4y1N7ah,BV1o64y1t7o5
11,BV1kg4y1d7QA,BV19u4y1Y7yU,BV1xd4y1R7TL,BV115411q7d5,BV1Ye411R73m,BV1rW4y1Z7YY,BV1hQ4y1b7n6,BV1tj411h7mu,BV18h4y1U7nk,BV1Vv411W76G
12,BV1HC4y137r5,BV17e411R7au,BV1V14y1b72j,BV1pw411u7h7,BV1fy4y1N7rf,BV1wj411U7Mx,BV1K94y1G7Vc,BV1Qg4y1R7dp,BV1rN411h7Kw,BV1JK4y1V78A
13,BV1oe411R7Bf,BV1e34y1M7Jn,BV1qB4y1k7GB,BV1V64y1E7ma,BV1k34y137QF,BV1JV411g72P,BV1kN411M7rq,BV1Uz4y1A7G9,BV1xx4y1R7qX,BV1Bh411v7Q2
14,BV1jh4y1B7iS,BV1WC4y1d7t4,BV1QU4y1e756,BV1UC4y1T7kH,BV1d84y127SS,BV1Xs4y1C7UZ,BV1Fw411T7Un,BV1qQ4y1J7At,BV1Th4y1L72T,BV1EQ4y1R7oG
15,BV1Fj411i7i8,BV1LF41127nF,BV14a411S7j1,BV1Ej411n7oP,BV1Kh4y1Y7ip,BV1ps4y1C76b,BV1Ey4y1c7nH,BV12c411f766,BV1wF411Q72g,BV1hA411G7AJ
16,BV1ku4y1p78K,BV1t84y1D789,BV11S4y1H7Jx,BV1jN4y187hK,BV1Mj411k7NW,BV1Ez4y1v7Te,BV1L94y157KT,BV1yu4y1Y7Pz,BV1Qh4y177JW,BV1cU4y1t7Gd
17,BV1J8411r72s,BV1vF411U7mL,BV1P34y1a7bi,BV1P64y1W7V1,BV1NP41187Fn,BV1hc41137RC,BV1T94y1j7rT,BV19g4y1d7o6,BV1Vk4y1T7yt,BV1MV411E7KJ
18,BV1PN4y1C7Pw,BV1614y1r7BX,BV1Hr4y1J7go,BV1ow411t7QG,BV1N94y167vm,BV15L41167Vt,BV1zw411B7zZ,BV1o84y197mW,BV1mo4y1A7wh,BV1C54y1j76U
19,BV1VN4y1C76f,BV1jF411k7Zz,BV1SY411n7nR,BV19c41127Zs,BV1xu4y1Q7n2,BV1as4y1A7ZU,BV1H94y1L7GH,BV1JM41197sb,BV16a4y137kv,BV1Fv411j7Cg
20,BV18N4y117xf,BV1fu4y1Y7Vf,BV1Fa41187Fa,BV1k94y1P7mN,BV1ju4y1q7cZ,BV18M4y1y7Ea,BV17w411C7pz,BV1iG41117wy,BV1pa4y137cP,BV1584y1F7h7
21,BV1Q34y1G7Kb,BV14h4y1U7kc,BV1Ea411C786,BV1zG411Y7F3,BV1LV411K7Z7,BV18X4y1R7qg,BV1FC4y1o7Tf,BV1N94y187z7,BV1ZT411b7YR,BV1wp4y1B7ab
22,BV1t34y1V7Mv,BV1V14y1i7SX,BV1eP4y1A7Wa,BV1PN411573P,BV1wV4y1S7Kg,BV18Y4y1Q7ie,BV1ku4y147FY,BV178411k7YK,BV19P411S7C9,BV1P5411p7pM
23,BV1t84y1U7ZS,BV1Vz4y1g7Km,BV1hm4y1D78s,BV1y94y1E7vC,BV1Kh4y187uE,BV1Aj411u7KS,BV1ZV411A7Fq,BV1ZN411E78x,BV1qk4y1v7EE,BV18y4y1S7NZ
24,BV1ru4y1k78K,BV1Eu4y11799,BV1ig411A7gH,BV14u4y1L7FY,BV1BM4y187ko,BV1gs4y1f743,BV1xz4y1L7vZ,BV1vh4y167sm,BV13V4y1Q7Bv,BV19T4y1w7P1
25,BV18V411P7E3,BV1Bu4y1m7D8,BV1bh41147at,BV1B64y1L7A3,BV1N8411V7aS,BV1db411R7Pr,BV1Gz4y1L7H2,BV1eu411u7gU,BV1HN411K7jE,BV1XC4y1t78X
26,BV148411X7xh,BV1nN41127Qw,BV1M34y1m7hJ,BV14Q4y1t7mA,BV1JG411M7XS,BV1rT411R7P1,BV1nu4y1k7tF,BV1XK4y1F7PG,BV19x4y1A7WB,BV1TE411g7vq
27,BV1Xh4y1U7n2,BV1yN411m7mj,BV1Pf4y1J7S2,BV1cC4y127rs,BV1HG4y1t7Vz,BV1ZD4y1A7Pj,BV17N411v71Z,BV1tw411i77P,BV1wY4y197q5,BV1vE411J7jd
28,BV1WG411o7tL,BV1QX4y1H7Ks,BV1uU4y1N7TX,BV1pC4y117sM,BV1SV4y137Xb,BV1Ds4y1W7Sh,BV1rj411y77Z,BV1iw411i7B1,BV1bg4y1H76D,BV1i7411w7mE
29,BV1PN4y1d7tH,BV1414y1U7G2,BV1gy4y1j7vX,BV1yu411F7B9,BV1MD4y1k7th,BV1ge4y1N7Kk,BV19z4y1T7zZ,BV1n94y1x7pd,BV1ys4y187ek,BV1h7411J7QN
30,BV1CP411W7g9,BV1JV4y1m79A,BV1BK4y1G7Ea,BV1vG411D7A9,BV1Md4y1q7j5,BV1JY411Q7pH,BV1xN411i7Dg,BV1Zz4y1K7bE,BV1aR4y1e7tY,BV1yJ411j7DK
31,BV1Rm4y1H7R6,BV1ss4y1i7z3,BV1bq4y1J74N,BV1Xv411F73s,BV1gD4y127hn,BV1Dy4y1Q7rv,BV1Vj411z7qs,BV1qh4y1m7vA,BV1YD4y1V7e3,BV1QJ411p7hx
32,BV1XV4y1e7pU,BV1aM4y1v7p1,BV15X4y137YP,BV1HN411u7Rj,BV1KD4y117i8,BV1Uy4y1Q7US,BV1rj411B7mD,BV1hh4y1T7xr,BV1nW4y1M7K3,BV1xJ411C7fC
33,BV1Mh4y1c7kF,BV1WM4y1q7y5,BV1f64y1U7dh,BV1gu4y1h7ta,BV1Ea411g7SZ,BV15v4y1k7qZ,BV1sX4y1x7xz,BV1ir4y1Z75u,BV1tR4y1Z7hS,BV1gJ411B74w
34,BV13u4y1B7vB,BV1Tk4y1j7Cz,BV1b54y1875N,BV1x94y1V75V,BV12Y4y1T734,BV1We4y1F7A7,BV1TV411G7Fr,BV1Nj41167Hd,BV1FP4y117q5,BV13J411z7Lw
35,BV1cP411t7wR,BV1ro4y1V7i5,BV1Py4y1E72f,BV1ja4y1Q73v,BV1na411d7oS,BV1iM41187Aj,BV1u8411R7E9,BV1d44y1F7Ky,BV1fe4y117fZ,BV1ME411v7i9
36,BV1Q94y1e7TZ,BV1MM411G7NA,BV1g5411E7sc,BV1Sz4y1A7Lj,BV1je4y1f7LR,BV1tD4y1L7iz,BV1f94y1C7sY,BV1xF411f79n,BV1CG411u7r7,BV1LE41187jy
37,BV1zx4y1X7Pf,BV18h4y1p7iX,BV1Mz4y1D7Pv,BV1Mw411s7NE,BV1At4y1G7XY,BV1Av4y167Lo,BV1Nj411r7rY,BV1pj411r71H,BV1DP4y1Z7Lt,BV1eJ411u7KG
38,BV1H14y1B7qM,BV1p54y1F7Zt,BV1gy4y1p7xV,BV1Jw411q79q,BV1Ja411D7hG,BV1884y1s757,BV1tV411G7Qx,BV1rj411R7Fp,BV1pN4y1L7fa,BV1A4411Z7oi
39,BV1Lx4y197g2,BV1AX4y1k7bM,BV1F5411H7SV,BV1Hj411e7tL,BV1RS4y1J7ZZ,BV1kG411K7k5,BV1Ej41197fN,BV1y94y1B7BS,BV1Ja411D7wS,BV1h4411U7DR
40,BV1Bo4y1J7Je,BV1PT411z7BQ,BV1jK411g7wH,BV1D84y197jn,BV1BY4y1n7o5,BV1S8411V7ZF,BV1vz4y1x7YX,BV1yj411S7nN,BV1r94y197Ju,BV1wt411j74C
41,BV1jh4y1G75c,BV1Ps4y1G7rj,BV1AK4y1j7Cr,BV1TQ4y1W7Xd,BV1334y1s731,BV1HK411X7zW,BV17z4y1t7q5,BV1Vm4y1e7Hf,BV1c3411c7gH,BV1V441157fN
42,BV19c411G77j,BV1rM411s7ex,BV1mT4y1M7u7,BV1hH4y197YQ,BV1Gv4y1G7zc,BV1hv4y1d7bS,BV17k4y1G7KV,BV1PV4y127sB,BV1Ma411p7nM,BV1W4411N7BK
43,BV13N41117Ut,BV1iM411x7HR,BV1n5411G7eA,BV1TM411R7G8,BV1EY4y1V789,BV1Lv4y1d7aM,BV1Tj411f7pe,BV1jm4y1v796,BV14W4y1r7fZ,BV1x4411M73E
44,BV1Jh411c7VP,BV12A411U7ek,BV1zK411V73W,BV1uw41167Vz,BV1fv4y1A7jD,BV1x44y1X7eu,BV1ru41157at,BV1NV4y1m76W,BV1sS4y1v7V1,BV1p4411Y7oQ
45,BV1Cz4y1B751,BV1ZR4y1q7e3,BV1C5411V7RP,BV17M41197D5,BV1U541197F6,BV1Wd4y187rv,BV1Vx4y1o7xK,BV1uh4y1G7qb,BV1D94y1172S,BV124411e7rx
46,BV19z4y1b7mi,BV1D24y1B7xP,BV1i5411V7FD,BV1hu4y1p7Ys,BV1s44y1g7zz,BV1fM411k7od,BV1694y1q7iu,BV1Yu4y1f7Sr,BV1y5411D7A4,BV1b4411h7EU
47,BV1hm4y187dC,BV1ND4y1n79n,BV16A411j7Ey,BV1xB4y1f7ks,BV16i4y1U7uS,BV1be4y1x7Ro,BV1RV4y1y73J,BV1Ka4y1g7sA,BV1TB4y1R7PN,BV1Z441187DV
48,BV12h411w7N6,BV1Z84y187MK,BV1TT4y1F777,BV1hw411c7eb,BV1VS4y1177c,BV1184y1e7vJ,BV1PX4y1q7Xp,BV16a4y137kv,BV1T54y1Z7XM,BV1Xb411E7uR
49,BV1tk4y1s72Z,BV1Ng411s7rE,BV1ki4y1E7BL,BV1WC4y157gv,BV1cu411B7QD,BV1tV4y137sw,BV1oh4y1u7L8,BV1pa4y137cP,BV1JB4y127wh,BV1Mb411b7xe
50,BV1Mo4y1F7hX,BV1G14y1P7SW,,BV1J94y187w6,BV1Ka411t7jc,BV13P4y1m722,BV1Xh411N7Ek,BV1jh41157ob,BV16A4y1D7Ap,BV1db411C7ep
51,BV1yu41147d4,BV1RP411K7Tj,,BV1Pw411Y7eU,BV1XR4y1G7ef,BV1wP411K7nA,BV1pk4y1n7jx,BV1ao4y1A7ev,BV1m5411m7Gq,BV1qt411t7z5
52,BV1Lk4y1j7R5,BV1f44y1U7zv,,BV1kw411y7P9,BV1qm4y1R71C,BV1k84y1z7DJ,BV1LP411Q7LR,BV1MM4y1b7ah,BV15r4y1H7zY,BV1Ft411b78z
53,BV1XP411m7U4,BV1944y1Q77U,,BV1HN4y1Z7py,BV1DY41137ZY,BV1it4y1c7ZE,BV1FL411i7bt,BV1co4y1t7Ez,BV18Y4y1v7j7,BV1gt411a7EY
54,BV1Gm4y127Qr,BV1qP4y1y7HQ,,BV1a94y1b7Ef,BV1zm4y1Z7tm,BV1dt4y1w7v9,BV1Hh4y1d7oF,BV13h4y1n7hF,BV1k5411S7oZ,BV1Rt411H7gq
55,BV13X4y1r7C1,BV1k8411h7A3,,BV1D8411C7CW,BV1Ta411y7cS,BV13N4y1K7Dq,BV1iX4y1h7vK,BV13X4y167Fh,BV1mY4y1s7mv,BV1et411W7Z4
56,BV1Fj411w7hT,BV1t84y1i7UY,,BV1Yu4y147aJ,BV1iL4y1x7Ty,BV1mG4y1z7zi,BV1go4y137dq,BV1P24y1A7Yy,BV1K34y1t7o5,BV12t411x7je
57,BV1Fm4y1B7vL,BV1fP411N7sn,,BV1TH4y1U783,BV1K44y1j7zD,BV1vD4y1q7PD,BV1PM4y1i7R7,BV1Y54y1F7bf,BV1pb4y1p78g,BV1Tt411z7W9
58,BV1qN411K7Sf,BV1Dg411h7MX,,BV1qN411n7pW,BV1uD4y1c7b1,BV1Fd4y137T7,BV1Nk4y1j7wH,BV1qh411g7gn,BV1fZ4y1r7FD,BV1ht411z7KW
59,BV1uv4y1j7LL,BV1nD4y1y7HY,,BV14w411v7br,BV1GM4y1A7Ba,BV1UB4y1g7xq,BV1yM4y1t7yC,BV1Hc41157K7,BV1NU4y1f7xp,BV1yt411r7Cn
60,BV1Jo4y1q7cd,BV1mg41127kD,,BV1Dp4y1c7E6,BV17341147BP,BV1fV4y1H79A,BV15o4y1578d,BV1fh411G7So,BV1Am4y1d7XP,BV1ht411r77D
61,BV1c94y1F7nH,BV1KT411T7an,,BV1NP411h7e2,BV1sh41147Fu,BV1PW4y1t71J,BV1ru41147pU,BV1ML411R7i5,BV1Gb4y147hT,BV1gt411r7oB
62,BV1nL411R7hn,BV1XT411K7G3,,BV1xF411D7oh,BV1YT4y1R7HU,BV15a411d744,BV1aa4y1G7vP,BV1zM411H7hi,BV1da411y7hd,BV1Kt411C7ED
63,BV1LL411o7QQ,BV1114y1e7tm,,BV1Vh4y1Y7fM,BV1af4y1g7tL,BV1S14y147fG,BV1WX4y1m7pj,BV1QP411o7r6,BV1ZS4y1V7fb,BV13t411C7bz
64,BV15Y411z7sC,BV17W4y1b7CJ,,BV1U94y1x7DD,BV1mf4y177KB,BV1jB4y1L7WL,BV1PM41157bN,BV1qj411u7md,BV1XL4y1x7HS,BV1ft411k7cm
65,BV17s4y1G7tH,BV1TP41157Ge,,BV1EN4y1Q7Yx,BV1FT4y1f7tE,BV1Lg411k7Es,BV1dm4y1B7Sm,BV1aX4y1Q7zj,BV1Aq4y1w7CB,BV1pt411k7ZS
66,BV1hj411g7rQ,BV1gU4y1k7TV,,BV1R14y1k7hH,BV1ff4y1w7UF,BV13W4y1Y7T4,BV1to4y1p7SC,BV1h54y1w7cy,BV1Jq4y1C7s1,BV1Wb411P7HG
67,BV1cb411X77c,BV1RB4y157ks,,BV1Vj41117PE,BV16R4y1H7M1,BV1Jr4y157Nz,BV16s4y1U7Sf,BV1MD4y1P7Lg,BV1mP4y1j7AG,BV1Qb411N7u3
68,BV1RM4y1Z7Nr,BV1iF411w7cB,,BV1ir4y1X73G,BV1sL4y1h7Zx,BV1bN4y1L7nD,BV1HN411K7jE,BV1NR4y1z7yp,BV1Wu411U7UY,BV1ot411o78P
69,BV1pe4y1c74Y,BV19e4y1D7xB,,BV1up4y1E7FT,BV1L64y1Y7CM,BV1CG411H7J2,BV1tL411d72d,BV14x4y177n9,BV1er4y1m7K5,BV1VW41167Fn
70,BV1x54y1N7aM,BV1UW4y127zK,,BV1QG411o746,BV1JU4y1E72f,BV1bS4y1J7yR,BV19x4y1A7WB,BV12A411d7nH,BV1E44y177oq,BV1ZW411r7Fy
71,BV1bK41117bA,BV1ZG411H7bx,,BV1Kr4y1o7Pz,BV1Jo4y1U7hn,BV15B4y1v7ug,BV1nM4y1C7s5,BV16e4y1G7RU,BV15q4y1B7SG,BV1Ms411F7rs
72,BV1T44y1o7uq,BV1Yt4y147Nf,,BV1xh4y1S7CX,BV1YP4y1x734,BV1x94y197Dq,BV1zs4y1L7by,BV1cP4y1v75S,BV1W34y1X7bJ,BV1us411g7aX
73,BV1i14y1J7A5,BV1ES4y1J7ov,,BV11G411Z7zt,BV1554y1J7dH,BV1FV4y1n7HJ,BV1W84y1K7qf,BV1S14y1w7V5,BV1iR4y147i1,BV1hs411A744
74,BV1f44y1D7NT,BV1c94y1176m,,BV1D44y1c7vr,BV1Tv411E7UR,BV1VB4y1i7V5,BV17D4y137V2,BV1Ld4y1a7nu,BV1hb4y1b7Vw,BV1gs411N7Wh
75,BV1q24y117TU,BV1UY411T75Z,,BV1Ku4y1d789,BV1So4y1X7nK,BV1s34y1W7et,BV18v4y1W7vd,BV1r14y1N7fN,BV1yg411N7yW,BV1Ys411n7Hy
76,BV1pe4y1172k,BV1LS4y1v7Wc,,BV1BF411f7zv,BV1hB4y1N7h9,BV1qF411c7wS,BV1HM411P7Ug,BV1fv4y1R7DC,BV1XL411u7MJ,BV1Ys411p7ch
77,BV11R4y1Q7uR,BV1xY4y1g7rx,,BV18k4y1g7z8,BV1WV411x784,BV1CT41157Mr,BV1mT411R7Fz,BV1Ze4y1u7y9,BV1Df4y1M7WX,BV1Gs411p7HZ
78,BV1JK411D7s9,BV1s94y127VZ,,BV1Dz4y1p7Fn,BV1944y1i7FG,BV1ua411L7gN,BV16v4y1t7rW,BV1uW4y1g7nL,BV1nQ4y1Q7FX,BV1Ds411H7e8
79,BV1xt4y1u7Um,BV1kg411R7dT,,BV17M4y1p7LX,BV1LV411s7hd,BV1cg411d7an,BV1ED4y1J7KR,BV1Lv4y1o7Ln,BV1YM4y1g7ex,BV1fs411V7Kk
80,BV1u84y1z7Le,BV1Mv4y1A7ph,,BV1yj41167Nx,BV18o4y117uS,BV175411Q7dg,BV1pA411R7Qq,BV1nY411d7br,BV1Hq4y1T7vQ,BV1Vs411j7dP
81,BV1bB4y1j76P,BV1xZ4y187Ef,,BV1QX4y1E7VW,BV1Z64y1C7jt,BV1AY4y1V7cz,BV133411Z7Vw,BV1SD4y1t7Xo,BV1Ry4y137SK,BV11s411L7Tr
82,BV1Mg41127v4,BV1ZS4y1c7YF,,BV1TX4y1J7Qb,BV1F64y1y7vY,BV1NF41157yc,BV1Gx4y1G7Xc,BV1x24y1f7xf,BV1J64y1v7HG,BV1FW411c7oM
83,BV1Se4y1b7ve,BV1H44y1g7eV,,BV17z4y1473X,BV1hK4y1d76d,BV1TZ4y1b7pp,BV1de4y1V7af,BV1884y1i7TG,BV1444y1k7HJ,BV16W411F7Vo
84,BV1je4y1C7yJ,BV1pL4y157ya,,BV19V411L7wx,BV12V411J7iq,BV1oB4y197zb,BV1ig411W7Uh,BV1Be4y1777s,BV1CA411A7RL,BV1wW411A7Kc
85,BV12S4y1W7SS,BV1A44y1P7Qu,,BV1XP411r7mP,BV1Xi4y1A7AC,BV1GY4y1t7cT,BV1dD4y1j7uj,BV1b14y1j7Lw,BV1x64y167Xe,BV16W411w7Sw
86,BV13V4y1x7Z3,BV1z3411p7Ay,,BV1dM4y1s711,BV1u5411c7PL,BV18R4y1c79R,BV1e24y1m7vb,BV1Ve4y1S7Yx,BV1EU4y1n7bj,BV1oW411c7GE
87,BV1bt4y1J7bu,BV1K3411p7zo,,BV1k8411m7ms,BV115411A7cS,BV1Pu411675d,BV1wG4y1n7ST,BV1hN4y1N7Dq,BV1VV411p7Qk,BV1yW411P7ty
88,BV1GG4y1e76u,BV1mF41147bj,,BV1F14y1X7Xv,BV1zy4y1x7xk,BV1xS4y1b73z,BV1r14y1N7fN,BV1MD4y1277i,BV12U4y1n7am,BV1Ep411d7Mg
89,BV1bG4y1Y7gG,BV1934y1b7VN,,BV1hz4y1t7k2,BV16v41187j4,BV1fi4y1m7fX,BV1nA411972a,BV1BG4y1s7L6,BV1gP4y147Yo,BV1Gp411d7Vx
90,BV1wN4y157pf,BV1fR4y1V79T,,BV16k4y157g4,BV1q54y187c3,BV1GY4y1Y7ya,BV1R14y1K7Hm,BV1XP411H7Uh,BV1gy4y1g7zz,BV1gp411R72n
91,BV1nB4y1k7hi,BV1Hu411X7uY,,BV1gV4y187kq,BV1th411Q7b2,BV1gY41177dP,BV1H84y167UD,BV1eK411f78G,BV1jv411p7Ef,BV1oW411V7V2
92,BV1MN4y1771P,BV1WR4y177Lt,,BV1GV411K7CD,BV1o54y1h7ZG,BV1U44y137wk,BV1sK411X7zk,BV1BK411f7jg,BV1K54y157tH,BV1JW411K73b
93,BV1zr4y1L7RJ,BV1om4y1U78B,,BV1U8411U74T,BV14K4y1H7hP,BV16F411g75G,BV1t24y1C7Bw,BV1bV4y1p7bL,BV14B4y1c733,BV1XW411T7j4
94,BV1Nv4y1M7SD,BV1KL4y1t7oq,,BV1Tx4y1Z7Hb,BV13K4y1Q76R,BV1zY4y1H7dq,BV1Fd4y1b7XB,BV1aU4y167dj,BV155411w7DX,BV1TW411u7f4
95,BV1Ua411p7em,BV1nS4y1f7tT,,BV1tF411Q7eq,BV1XU4y1s7Rp,BV11S4y1P7cM,BV1aK411Z7kg,BV1GB4y147YQ,BV12i4y1A7K5,BV16W411g726
96,BV1x3411N7jz,BV1Z34y1q7aq,,BV1UX4y1a73E,BV1sA411u7h7,BV1tS4y1P7zv,BV1T14y1H75k,BV1CT411c7B7,BV1LZ4y1A7Zq,BV1dW411u79T
97,BV1iY4y1k7EA,BV1uR4y1G71J,,BV1jx4y1o7YY,BV15X4y1T7q9,BV1f5411m7D6,BV1mY411Z7z1,BV15g411k7QT,BV15h411Q724,BV1JW411p7jz
98,BV1UB4y117w3,BV19b4y1v7r6,,BV1tV411T7zA,BV1CK4y1W74Y,BV133411H7mv,BV18d4y1k76r,BV1mG411b7Zi,BV1Xh411C7Xg,BV1qW411s7w2
99,BV1CY4y1a7Qg,BV1K3411v7MT,,BV1az4y1J71K,BV1hi4y1F74D,BV1XT4y1i75A,BV1gg411B7dU,BV1Ut4y1V7E2,BV1Ry4y1n77Z,BV1hW411W7ke
100,BV16a411v7Go,BV19Y411W7Ah,,BV1Sg4y1c7Za,BV11a4y1n7ua,BV1j94y1f7gE,BV1HP411w79y,BV1Ka411M7G6,BV1zh41127Ct,BV1hW411W7qt
101,BV19B4y1m7wA,BV1na411r7av,,BV1uh411P7wn,BV1LT4y1T7eg,BV19P4y1M7sk,BV1mW4y1j77m,BV1oN4y1M7Vg,BV14K411M7u2,BV1rW411x7CZ
102,BV1WY4y1H7Cu,BV1oi4y1R7h2,,BV15k4y1P7ys,BV1jK411g7yo,BV1TU4y1Z7LY,BV1TG411A7Kk,BV1oa411D7kG,BV1pD4y1R7RQ,BV1kW411x7cw
103,BV1YF411W7u3,BV1CM4y1w7ts,,BV1zP411C7LW,BV11h411Z7bg,BV1544y1K7TZ,BV1BV4y1G7BJ,BV18S4y1n76R,BV1CT4y1A7nV,BV1ZW411s7rb
104,BV1Si4y1r7Xp,BV1G34y1R74e,,BV13s4y16763,BV1Pp4y167k9,BV1ZL4y1u7T3,BV1vG4y187s5,BV1w3411u7kw,BV1Af4y197Ep,BV1RW411s743
105,BV1KZ4y1679J,BV1RS4y197D2,,BV1vz4y1E759,BV1v5411G7mZ,BV1fS4y167BP,BV1aR4y1R7RD,BV14B4y1478L,BV1rt4y19782,BV1fW41147DJ
106,BV1Tq4y147G7,BV1o3411b7t3,,BV1cz4y1n7Cj,BV1Ai4y157zQ,BV1hS4y16779,BV1a14y177Kn,BV1Q3411g7Gv,BV1op4y1D7kN,BV1tW41147FN
107,BV1zL4y1g7w8,BV1Gq4y1R79D,,BV13N411S7ra,BV1Nr4y1c78h,BV1FL411T7Ca,BV1dT411N7FX,BV1a94y1m7n6,BV1o5411p7iU,BV1TW411H7Uv
108,BV1EL4y1s7Nr,BV16h411J7ar,,BV1Bs4y1F763,BV12i4y1V7ki,BV17i4y127SZ,BV1Bt4y1F72K,BV1q34y1j7e9,BV1Jv411z72E,BV1CW411n7rp
109,BV1y44y1p7QE,BV1zL4y1z7xZ,,BV18h411N7nS,BV1x541157NM,BV1gF411n7s7,BV16e4y1r7R8,BV1Ka411n7Gp,BV1Lf4y1U7JC,BV1AW411e7qM
110,BV1S44y1p7jW,BV1544y1t7Qm,,BV18m4y1Y7rY,BV1pr4y1F7vR,BV1Su41197Gp,BV1dN4y1P7SZ,BV1GB4y1y73o,BV1j64y1M7iR,BV1wW411i7uz
111,BV12P4y1P7A8,BV1f64y187uD,,BV15M4y1778J,BV18V411a79Z,BV1ki4y1f7Jh,BV1WD4y117Wt,BV1jT4y1k7kU,BV1Wk4y1R7wx,BV1aW411v753
112,BV1Pf4y1F78X,BV1YR4y1p7W8,,BV1Us4y1r71u,BV1Ha411w7HB,BV1UP4y1A7L3,BV1mP411J77o,BV15Y4y1Y7xT,BV1bi4y187Li,BV1iW411q7xF
113,BV1WL4y147Fz,BV1S64y1b7mt,,BV1sh4y1M78f,BV1nA411j73x,BV1Yq4y1F7rv,BV1ce4y1b7b3,BV1W3411T7Lh,BV1va4y1t7Ve,BV1fW411i7eY
114,BV1br4y1S78M,BV1VL4y1a7PZ,,BV1TM4y1v7LB,BV1U5411L76Q,BV1rS4y1o7En,BV17W4y1v7RH,BV1qL4y1j77y,BV1Rj411f7PJ,BV1aW411i7TA
115,BV1bu411S7tC,BV12y4y1G7xc,,BV1ps4y1c79C,BV1Zy4y1B7gS,BV1Uq4y1A7wA,BV15P411H7Sp,BV1ea41147wS,BV1b7411G7xo,BV1LW411B74t
116,BV17Z4y1X7pV,BV1Kq4y1S7RT,,BV1Qv4y1E7aM,BV1tt4y1i7HG,BV1gS4y1o7CL,BV1x24y1Z73A,BV1YZ4y1B7E2,BV1MJ41157yQ,BV1ZW411q7TR
117,BV1Wr4y1X71C,BV1mL411t7eh,,BV1dh411j7dn,BV1Ta4y1s7iP,BV17R4y1M7VD,BV1ed4y137VR,BV1xL411w76R,BV14J411V762,BV19W411t7wt
118,BV1kb4y1B77F,BV1JQ4y1m7Ej,,BV1sM41157p6,BV1E54y1r7Fp,BV1q44y157qu,BV1Ne4y1o72N,BV1wP4y137uV,BV1bJ411V71T,BV1BW411t7Lj
119,BV1Ui4y1o7BE,BV1L64y1q7V4,,BV1Bo4y147Vi,BV1VD4y1d7uJ,BV1rm4y1D7Px,BV1jP4y1f7FK,BV1Ru411D761,BV14J411V7XB,BV1WW41187zZ
120,BV1yi4y1o75W,BV1U44y1C7nE,,BV1114y1f7vp,BV1Xk4y1C776,BV1fR4y1u7Gb,BV1Vt4y1E76P,BV1eZ4y1k79m,BV1tJ411V7hd,BV1uW41187AB
121,BV1vq4y1B7fZ,BV16o4y1m7xo,,BV1Eh41177dT,BV1jh41197Nr,BV15r4y1m7fm,BV17d4y1A7gs,BV13u411R7pB,,BV17W411a76F
122,BV1qq4y1B7UC,BV1og41177pc,,BV1ja4y1578h,BV16T4y1c7QU,BV19q4y1m76z,BV1yP411j7cL,BV1V3411J73z,,BV1gW411a7ag
123,BV1Vg411N7wC,BV1M64y167mW,,BV1yM411G7a5,BV1Hi4y1E7oq,BV1Ci4y197Az,BV1Y14y1b7eu,BV1y44y1s74d,,BV1rW411h7sW
124,BV1bQ4y1U7hM,BV1Eh411r74L,,BV18T411H7EJ,BV1Wp4y1a7vS,BV19L411j7DH,BV1rW4y1a72c,BV1vL4y1x7g6,,BV1hW411Y7s2
125,BV1UL411u7Rz,BV15L411H74n,,BV1Rs4y197Y9,BV1pp4y1a7nR,BV1tr4y1U7nh,BV1PB4y1C7JQ,BV1e3411Y7C2,,BV1Ax411L7vD
126,BV1sL411u7bG,BV1UM4y1u7H8,,BV1rc411J75R,BV1KK4y1a7Nx,BV1pM4y1c7UK,BV1na411D7JW,BV1S44y157NY,,BV1ox411j7eJ
127,BV1Q3411k7yG,BV1df4y1877K,,BV1vg4y1j72i,BV1kh411R7SB,BV1PR4y1x7JS,BV1YV4y177Cz,BV1vr4y1v7HE,,BV1ix411j7iL
128,BV1hF411a7Q2,BV1po4y1k7Rg,,BV1kh4y1W7bZ,BV17Z4y1N7Eg,BV1NY411W7q5,BV1ZG411H7bx,BV1F3411v7v8,,BV1Hx411E7Fi
129,BV1F34y1U7ss,BV11b4y1d7Lx,,BV1N24y1c7bT,BV17T4y1A76P,BV1pP4y137hr,BV1Pr4y1J7fg,BV1444y1j7iG,,BV15x411E7Fq
130,BV1zQ4y1q71p,BV1qy4y137oF,,BV1Rs4y1m7hW,BV12V41127n6,BV1b3411b7dG,BV1zd4y1D7sJ,BV1UF411i7X5,,BV1vx41177nm
131,BV16Q4y1q7VH,BV1th411v7eq,,BV1mo4y1n7gq,BV1f54y1e75v,BV1xF411h7vk,BV12T411g7KF,BV1Tu411S7hX,,BV1ix411M7Vk
132,BV15P4y1b7m3,BV1jU4y1b73t,,BV1wh411G72p,BV1At4y1Q7WG,BV1FQ4y1U78E,BV1da411H7jp,BV1FP4y1H7wG,,BV1Jx411M7P5
133,BV1xP4y1b7mp,BV1a64y1C7zz,,BV14c41157mR,BV1tz4y1Q7Jy,BV16S4y1d7Zh,BV1RB4y1v7TA,BV13q4y1q7ye,,BV1Ux411u7St
134,BV1ou411d7cx,BV1iN411o79k,,BV1vo4y1W7YP,,BV1BT4y1975b,BV1JN4y1g7rN,BV14F411874a,,BV1vx411u7q6
135,BV1EL4y1677v,BV1RQ4y1d7gx,,BV1Ec41157Tt,,BV1z44y1i7wo,BV1R94y127M9,BV1dq4y167e1,,BV1zx411u72M
136,BV1zF411Y73X,BV1u5411w7yJ,,BV1aT411q7Fm,,BV1Vq4y1R7g3,BV1EF411c7xX,BV1r34y197wT,,BV1Wx411V7s1
137,BV1fU4y1c7HG,BV1cf4y1W7hG,,BV12h411G7a5,,BV1d3411r7Ls,BV1HW4y1k7Rr,BV1xq4y167TB,,BV1Ux411G7KU
138,BV1UL4y1z7QW,BV1gf4y1p7Jb,,BV1bV4y1X7UL,,BV1nQ4y1D7AA,BV1m34y1V7eE,BV1BL4y1v7oU,,BV1px411G7Ys
139,BV16q4y1P7ah,BV1454y1b7Uu,,BV1JL411d71c,,BV1bq4y157vh,BV1WB4y1Q7sN,BV1x34y1Z7MD,,BV1Jx411x7XY
140,BV1y34y1D74P,BV1eA411L7j8,,BV1jM4y1r7Wv,,BV1v64y187yz,BV1vY4y1x76K,BV1fQ4y1S7V6,,BV1yx411s7YZ
141,BV1Pq4y1K7jx,BV1CB4y1w7YM,,BV14L411k78Q,,BV1zf4y1w7Gw,BV1UZ4y147vS,BV1X44y1v7JR,,BV1Wx411s7T7
142,BV1Gv411P7LY,BV1LU4y1h7s2,,BV1y24y147RJ,,BV1hb4y127my,BV1a94y1m7kA,BV15Q4y1q7ma,,BV1Ex411s7cF
143,BV1F3411q73X,BV1bX4y1g7J2,,BV1y24y1t7LU,,BV1Ry4y1G7g8,BV13r4y1x7Z8,BV1fq4y1G7uY,,BV13x41147zL
144,BV1KM4y1L7ED,BV1RZ4y1w7ZS,,BV1tM4y1k7ut,,BV1dq4y1T72H,BV1uv4y1w7mz,BV1nq4y1d73N,,BV1Zx411x7Nt
145,BV1Rb4y1U75i,BV1cy4y1h78n,,BV17A411y7Ki,,BV1Ng411V7jB,BV14r4y147eD,BV1dr4y127Kg,,BV1ex411x73x
146,BV1uy4y1L7Hi,BV1dX4y1V7e5,,BV1N54y137S4,,BV1kL411b7pq,BV1DB4y1y7TC,BV1nT4y1f7GV,,BV1Bx411x7C8
147,BV1ib4y167M6,BV1hf4y147K7,,BV1AA411y7Rt,,BV1QL411t7Jw,BV1nF411M7qr,BV1ug411F714,,BV1Bx411t7TP
148,BV1Py4y1j79i,BV19f4y1z7o9,,BV1qY411C7K7,,BV17q4y1S7pX,BV1rF411T7hN,BV1q34y1S7G7,,BV1Wx411t7YC
149,BV13B4y1K7sE,BV1Uh411C7Ri,,BV1Zy4y1o7Jc,,BV1kv411P7hr,BV13F411u7yo,BV13P4y1Y7K1,,BV19x41147HL
150,BV1mK4y1M79S,BV1TV411B7XU,,BV1Fj411V7s8,,BV1Vh411i7Va,BV11F411M75g,BV1if4y1N7VY,,BV16x411b74q
151,BV1VV411W7Qt,BV1h54y1p7pH,,BV1rj411P79j,,BV1Ug411j77d,BV1AS4y1A79U,BV1sQ4y1Y7Sr,,BV1hx411b7Zu
152,BV1Tg411u7fb,BV1zp4y1W7re,,BV1K54y1P7oC,,BV1964y1B7xX,BV1VF411g7Bi,BV1xg41157Fe,,BV1Ex411b7CM
153,BV1554y1H7Eq,BV1g54y1s7ca,,BV1rx4y1V7vJ,,BV1Tb4y1z7qv,BV1HZ4y1m7Pg,BV13h411B7de,,BV1ex411J7bg
154,BV1TV41147Je,BV1bf4y1y7Tf,,BV1oA41167Mt,,BV1aM4y1T7EQ,BV1kq4y1a7fL,BV1ro4y1S7kQ,,BV15x411J7Zy
155,BV1Pw411f7gK,BV145411n78Y,,BV1fj411P77w,,BV1Aq4y1p7Xi,BV1kL4y157T2,BV1Ry4y1j7cR,,BV1Zx411E75x
156,BV1ih411a7tp,BV1Cz4y1z7j3,,BV1q84y1L7RM,,BV11b4y1676R,BV11S4y1m7DP,BV1Xy4y1L7Yu,,BV1Rx411n7AS
157,BV1Y5411M7Vb,BV1ga4y1n7Tg,,BV1Xx4y1j7QQ,,BV15q4y1X7wY,BV1Ra411x7pw,BV1Co4y1X7LV,,BV1vx411n7qt
158,BV1eo4y117Kn,BV1Ey4y1D7mc,,BV16Y411Q7YZ,,BV1RX4y1F7zo,BV1R94y1Z7Xn,BV1E64y1X7b2,,BV1ex411p7FY
159,BV13N411Z7sU,BV1za4y1W7d8,,BV1n84y1L7qR,,BV1ML411H72v,BV1Gu411q7Vx,BV1bL411W7qP,,BV1Cx411H7Ne
160,BV1eh411v7dw,BV1sK41137oi,,BV1ZT411o77v,,BV1DM4y1M7hT,BV1DL411A74Z,BV1c64y1b78C,,BV1Qx411W7mt
161,BV1mq4y177xS,BV1vr4y1c7x7,,BV1hD4y1H7rD,,BV1AB4y1K7K5,BV1HZ4y1r7Sv,BV1UB4y1K7bU,,BV1jx411W774
162,BV1Ty4y1W7cx,BV1yK4y1E7Pu,,BV1js4y147Ng,,BV1Qo4y1X72J,BV1tL4y1g7uE,BV1fK4y1X7jm,,BV1cx411q7jx
163,BV1Ef4y1W7S1,BV1qD4y197g8,,BV1ux4y1u7UY,,BV13M4y1M7oC,BV19L411K7TZ,BV1Qv411V7J6,,BV1Wx411i7cR
164,BV1qi4y1A7hQ,BV1NA411j7vc,,BV1VK411k7Zj,,BV1MM4y1M7cg,BV16L4y137X7,BV1jb4y1Z7r8,,BV1vx411B7eS
165,BV1xK4y1o7iU,BV1JT4y1F7sc,,BV1zY411X7Cu,,BV1Cf4y1b7PS,BV14a41117xS,BV1cB4y1c737,,BV1Dx411q7Rt
166,BV1iU4y1h7FJ,BV1HZ4y1L7As,,BV1zd4y1L7p3,,BV1TX4y1w7F4,BV15Y411b77M,BV11541137Py,,BV1Dx411q7dZ
167,BV18p4y1t7yp,BV1TK411A7aN,,BV1KG4y1w7LZ,,BV18q4y1s775,BV1qZ4y1f7iR,BV1F541137Ed,,BV1Jx411z7NE
168,BV1Lb4y1X7YU,BV13v411y7W5,,BV1zd4y1L7bE,,BV1oB4y1K7fA,BV1cZ4y1S7an,BV1yQ4y1Z7YN,,BV1Dx411B79c
169,BV13Z4y1A7ae,BV1EK411K7U7,,BV1a14y1T7V9,,BV11o4y1Q7qJ,BV1Gu411D7xg,BV1iK4y1o7ux,,BV1Px411r7PV
170,BV1zA411T7KE,BV1j5411h7p1,,BV1L84y1Y7FZ,,BV1Kh411h7uU,BV1jb4y1e7JW,BV1oZ4y1c7cH,,BV1qx41167Ug
171,BV1nA411K7q8,BV1qp4y1v7jk,,BV1xK411C7kP,,BV1gX4y1P7dc,BV18F411i7zR,BV13X4y1g77t,,BV1mx411h7rF
172,BV1Cp4y1n7q7,BV1WK4y1Y7MT,,BV1xK411y7Zp,,BV1my4y1T7Nw,BV1U44y177BT,BV1Bb4y1Q7ML,,BV19x41187he
173,BV1yV411e73t,BV1cV411z7sa,,BV1t14y137ej,,BV1ef4y1t799,BV1b3411x7vM,BV19v411b7h5,,BV1zx41187BN
174,BV1Yp4y1p7et,BV1Q54y1q7Lm,,BV1oR4y127Hj,,BV1XV411s7kJ,BV1ag411w72w,,,BV1qx411a79m
175,BV1kr4y1P7WG,BV13K411J7d3,,BV1GP4y1e7mL,,BV14f4y18724,BV1wR4y1x7sF,,,BV15x411a7Lb
176,BV1sN411R7vZ,BV1KZ4y1p73w,,BV16d4y1h7aq,,BV1So4y1y7GL,BV1SQ4y1e75s,,,BV1jx411e7oP
177,BV18A411u71U,BV1Z54y1i7Wo,,BV1fG4y1m7Fk,,BV1BB4y1M7wS,BV1Yi4y1o7zM,,,BV1zx411Y72G
178,BV19f4y1k7kd,BV1dK4y1x72e,,BV1sG4y1j7j3,,BV1gM4y1u7mv,BV1BR4y1x74Y,,,BV1nx411Y7Mr
179,BV1wo4y1Z7qA,BV1nk4y1r7eh,,BV1X8411E7MZ,,BV1HK4y197Jh,BV1fq4y1u7yM,,,BV14x411v7Wa
180,BV1Dv411x7ZG,BV13p4y1X7JJ,,BV1gG4y1E7HK,,BV1Jg411G7d8,BV1Kr4y1k75c,,,BV1Jx411v7R2
181,BV16r4y1T78T,BV1eA411q7KQ,,BV1pM41117Q6,,BV1RK4y1372N,BV1w34y1d7Mi,,,BV13x411v7Wa
182,BV18v411t7Du,BV1y54y1X7Cp,,BV1iv4y1z79g,,BV1Wo4y1y74T,BV1t44y1e7T6,,,BV1Cx411e7cp
183,BV1t5411H7Rw,BV1h5411473j,,BV1FG411K7oU,,BV1Zo4y1C74z,BV1Vr4y117Su,,,BV1Xx411m7kd
184,BV12y4y1m79V,BV1eC4y1W7Gw,,BV1P8411L71o,,BV1Kf4y187cr,BV1Jv411u7jc,,,BV1mx411m7gJ
185,BV1ya4y1H7W3,BV1WK4y1b77P,,BV1he4y1u7T1,,BV1gh411a7Ja,BV1oL41137Tz,,,BV1jx411m7Hx
186,BV1Z54y147Kt,BV1i54y197U8,,BV1G14y1J7BN,,BV1jw411Z7jv,BV1ib4y1a7fk,,,BV1gx411m7tF
187,BV1N5411G7Pd,BV1iK411L7Ts,,BV1qG4y157Bb,,BV17B4y1g7Av,BV1DL411W7iU,,,BV1Zx41127Vq
188,BV1et4y1Y7FL,BV1vk4y197Uh,,BV1V841157H3,,BV1164y1k78v,BV1sq4y1f7jW,,,BV1Rx411U78u
189,BV1Vp4y1r7SX,BV1qK4y1r7Eu,,BV1ug411W7gj,,BV1BU4y1V77m,BV1bQ4y1r7NG,,,BV1kx411U7Hp
190,BV1ky4y167Ff,BV1n7411D7tq,,BV1Hv4y1d7eP,,BV1Uq4y1j7YD,BV1HL411t7P1,,,BV1zx411U7Cv
191,BV1sf4y1v7cG,BV127411m7bf,,BV1SY411R74U,,BV1JQ4y197pk,BV1R3411i7XT,,,BV1jx411U78w
192,BV1H5411577B,BV1zE411W7Hz,,BV1hg411i7y5,,BV1Lb4y1Z7Z5,BV1hf4y1N7ti,,,BV1Tx411U7W5
193,BV1Fy4y1q7jQ,,,BV1yG4y147v8,,BV1af4y1h7KG,BV1kq4y1S7Rd,,,BV1hx411D78B
194,BV18v411r7Zn,,,BV1Ve4y1s74v,,BV1uQ4y1d7db,BV1X3411z7uN,,,BV1ox411S7gy
195,BV1UK4y1j7Pn,,,BV1ad4y1b7sR,,BV1PA411371s,BV1yU4y1J7xj,,,BV1kx411S7T4
196,BV1Na4y1x78P,,,BV1VP4y117Gj,,BV14V41177o2,BV1rL411n7bX,,,BV1Yx411S75z
197,BV1ev411r7dV,,,BV1KG411c7Ft,,BV1cA41137kG,BV13L411p71r,,,BV1fx411Q7Pu
198,BV11y4y1B7AD,,,BV18P411c78q,,BV1VU4y1L7sU,BV1Th411r7cp,,,BV1ix411Q7LT
199,BV1KT4y1c74f,,,BV1QW4y1s7r5,,BV1Ny4y137xL,BV12y4y1K7Do,,,BV1ix411Q7L2
200,BV16t4y1e7JX,,,BV1f8411h7TU,,BV1vN411Z7xv,BV1e64y1Q7KK,,,BV1Tx411Q7d6
201,BV1z5411L7bf,,,BV17P411A7mr,,BV1Yy4y1W7Cm,BV12V411s7ED,,,BV12x411D7ys
202,BV1bp4y1k7xT,,,BV1GP411A7qV,,BV1C64y1d7RX,BV19K4y137WS,,,BV1ax411k7uW
203,BV18T4y1F7RH,,,BV1o14y1G7wG,,BV1Cy4y1W7ng,BV1qg41137RS,,,BV1xx411k7Dk
204,BV13Z4y1L7tT,,,BV1VR4y1Q7YC,,BV1t64y1d7ob,BV1T64y1y7r2,,,BV15x411k7sm
205,BV1cp4y1k7sd,,,BV1tK411U7iw,,BV1tf4y1Y7oG,BV1fh41127kt,,,BV1Dx411r79e
206,BV1zK4y1h7zG,,,BV13G4y1h7ec,,BV1T44y1r72A,BV19K4y1o7d5,,,BV1vx411r7YP
207,BV1Ny4y1C7pW,,,BV1fe4y1j7SA,,BV1J44y1r76o,BV1Ty4y147EY,,,BV1Wx411r7gF
208,BV1A541187UE,,,BV1ne4y1J7Vo,,BV1864y1C7gn,BV1ub4y1D7DJ,,,BV1kx411C7fR
209,BV1ct4y1q7gj,,,BV1Pe411V7xm,,BV1ZK4y1A79q,,,,BV1Hx411C72w
210,BV1qi4y177US,,,BV1EN4y1w7Ei,,BV1jv41157ae,,,,BV1Gx411C7ub
211,BV1Nk4y1179w,,,BV1o84y1z7Yh,,BV1Q64y1279m,,,,BV1wx411C76R
212,BV1QZ4y1N7Lo,,,BV1LK411Q7jK,,BV19N411o7Vx,,,,BV16x411k75J
213,BV1Jp4y1a7Dj,,,BV1314y177kf,,BV1ep4y1477x,,,,BV13x4111765
214,BV1XK411K7vZ,,,BV1MR4y1o7DS,,BV1gf4y1W7rb,,,,BV1wx41117nM
215,BV15Z4y1N7GN,,,BV1BG4y1H7am,,BV16y4y1p7rg,,,,BV1zx411y7rs
216,BV16A411E7E1,,,BV1ud4y1u7w2,,BV1QQ4y1d7V3,,,,BV1Bx411y7kA
217,BV1Li4y1u7rx,,,BV1uG411G7ed,,BV1xp4y1b7Bh,,,,BV1Wx411y7JW
218,BV1tK411K7rB,,,BV1Ne4y1k7mC,,BV1h64y1U71M,,,,BV1vx41127h1
219,BV1yT4y1w7UJ,,,BV1xd4y1g7zp,,BV1t64y1U7eo,,,,BV1Hx41127Ly
220,BV1Bt4y1S7We,,,BV15P411H72D,,BV1kA411V7Mv,,,,BV1Cx41117T1
221,BV1gV411S7fa,,,BV1Ud4y167xw,,BV1bp4y1b7QA,,,,BV1Bx41117Ac
222,BV1Lp4y1i7S8,,,BV1Fe411M74C,,BV1ZK4y1P7KW,,,,BV1Qs411b7XT
223,BV1Yp4y1v7m2,,,BV1zg411U7wX,,BV1MU4y187v2,,,,BV1zs411b7PQ
224,BV1464y1c7WY,,,BV1CW4y1B7YD,,BV1Pv411E7uG,,,,BV12s411b7Kj
225,BV1DD4y1U7FP,,,BV1Hd4y1R7nD,,BV1g84y1F7L8,,,,BV1Zs411h7WT
226,BV1qf4y1X7xV,,,BV12G411G7Eo,,BV1gA411V7C5,,,,BV16s411h7nZ
227,BV1C54y1v7mC,,,BV1WG4y1r7b1,,BV1sK411c7zm,,,,BV1Ws411h74e
228,BV1aK4y1v7U6,,,BV1hV4y1H73y,,BV1xU4y1b74F,,,,BV1Vs411h7G4
229,BV1wK4y1v79f,,,BV1LV4y1x7am,,BV14V411J7xX,,,,BV1ps411Y7T1
230,BV13C4y1b7S8,,,BV1LV4y1x7Cc,,BV15V411J7oZ,,,,BV1gs411Y7Wm
231,BV1c5411a7sS,,,BV1sW4y187Fb,,BV1d54y1b7Ky,,,,BV1os411a7Dh
232,BV1Zf4y197Mc,,,BV1mY4y1F7nY,,BV1jV411H7XS,,,,BV12s411a7GF
233,BV1c54y1S7oG,,,BV1Kd4y1A7Ba,,BV1Av41177L2,,,,BV1ys411a7ZH
234,BV1e5411Y7iw,,,BV1xN4y1F7FD,,BV1rX4y1g7J1,,,,BV1gs411a7v1
235,BV1J5411W763,,,BV1VT411w73B,,BV1Lh411U7cr,,,,BV1hs411e76T
236,BV1RV411r7Bp,,,BV1gG41147t9,,BV1Yb4y1D7io,,,,BV1Js411e7M8
237,BV1654y1B7yG,,,BV16W4y1b7K7,,BV1TK4y1P7o6,,,,BV1Hs411W7Ps
238,BV1aV411r7nW,,,BV1eN4y1V7Mi,,BV1KA411L7cr,,,,BV1Ps411W7za
239,BV1Fv4116766,,,BV1At4y137RH,,BV1Xf4y1W7mA,,,,BV1ts411x79e
240,BV1j54y1Q7Mz,,,BV1K14y1b7Tu,,BV11b4y1D73E,,,,BV1hs411x7uk
241,BV1yQ4y1P7xa,,,BV1zF411c7fg,,BV1W5411A7fV,,,,BV1Ps411x7H6
242,BV1o5411p7yq,,,BV1bN4y177L7,,BV1U54y1t7w8,,,,BV12s411s7V1
243,BV1tQ4y1P7wb,,,BV1XS4y147XC,,BV15p4y187QL,,,,BV1bs411s7bC
244,BV1Yi4y1s7Lb,,,BV1AB4y1b7KH,,BV1Jb4y1X7p1,,,,BV1hs411s7Be
245,BV1Yv411z7tz,,,BV11S4y1471c,,BV1qy4y1b71c,,,,BV1Qs41147Ls
246,BV1AQ4y1P7Uh,,,BV1cg41117ai,,BV1xV411e7G9,,,,BV1rs41147mB
247,BV1qe411W7pm,,,BV1mW4y127Nw,,BV19K4y1T7MQ,,,,BV1Ms41147Hx
248,BV1Qg4y1B7kQ,,,BV15F411K7Wp,,BV1oU4y1a7cs,,,,BV1Gs411477H
249,BV1Rt4y117u1,,,BV1DS4y177Ew,,BV1DA411N7Ko,,,,BV12s411x7zo
250,BV1p5411s75q,,,BV1Re4y1X7ud,,BV1m54y187AW,,,,BV1ss411b7P9
251,BV1Ee411W7h7,,,BV1ke4y1R71A,,BV18y4y1t7Xy,,,,BV1As411b74p
252,BV1c5411s7bv,,,BV1Jv4y1M734,,BV1Kb4y1X7WF,,,,BV19s411t7Mp
253,BV1Vi4y1b7QV,,,BV1Tv4y1M7UP,,BV1ty4y1t7SD,,,,BV1vs411t7aG
254,BV1Wa4y1i7mg,,,BV1Er4y1u7aB,,BV1Q64y1U71g,,,,BV1Es411t7vU
255,BV1az411z7BN,,,BV1W94y1X765,,BV1G54y1h7pU,,,,BV1Ks411t7ti
256,BV1Lg4y167ZC,,,BV1NN4y1u7km,,BV1My4y1t7vS,,,,BV1hs411r7T1
257,BV16p4y1974u,,,BV1LT411g7ng,,BV1Ab4y1X7VK,,,,BV15s411r7vE
258,BV11g4y1z7UN,,,BV1jY4y137wN,,BV1LK4y1S7rq,,,,BV1ws411r73a
259,BV1Ze411s7fk,,,BV1gY411M7ZL,,BV1Hf4y1t7qR,,,,BV19s41167CC
260,BV1MV411d7GK,,,BV1Za41157Kp,,BV1Bb4y197SU,,,,
261,BV1LK4y1b7bb,,,BV1YZ4y147Yv,,BV1y5411P7mN,,,,
262,BV1Vt4y1m7Dp,,,BV1g34y177gg,,BV1py4y1E7Bw,,,,
263,BV1iA41147xw,,,BV1ra411E7mu,,BV1Lb4y1Q7ij,,,,
264,BV1cZ4y147Vd,,,BV1p3411P7yP,,BV1fh411Q7j7,,,,
265,BV1Lp4y197vh,,,BV1zT4y1z7gC,,BV1mh411Q75u,,,,
266,BV1hp4y1X7Ah,,,BV11g411d7jo,,BV1yi4y1K7Gr,,,,
267,BV1nA411b78C,,,BV1eT4y1B7tq,,BV17y4y1872j,,,,
268,BV1Lg4y1z7MV,,,BV15F411L7uc,,BV1cv411a7py,,,,
269,BV1Af4y1S7hV,,,BV1ou411z7Ks,,BV1Ky4y1E7Ss,,,,
270,BV1a54y197at,,,BV16B4y1y7kB,,BV1Zp4y187dw,,,,
271,BV1GK4y1k7AG,,,BV1Hr4y1b7rc,,BV1oy4y177Zi,,,,
272,BV1nA411b7cJ,,,BV1jB4y12733,,BV14f4y147vy,,,,
273,BV15z41187Fp,,,BV1DT4y167Ce,,BV19U4y1p7Aj,,,,
274,BV1qa4y1t7kF,,,BV1bU4y1U7Yu,,BV1qK4y1D7QP,,,,
275,BV1bV411o7i4,,,BV1jv4y1K7Jk,,BV1RK4y1S7QW,,,,
276,BV145411t7Ug,,,BV1iY4y1k7cV,,BV1Kp4y1H7Wb,,,,
277,BV1Gi4y187wp,,,BV155411271m,,BV1qK4y1J7tM,,,,
278,BV1Ht4y1U7RA,,,BV1yS4y1c774,,BV1cr4y1P7PU,,,,
279,BV1YQ4y1K722,,,BV1dZ4y117pr,,BV1Ur4y1A7E8,,,,
280,BV13Q4y1K7iT,,,BV1aL4y1V7Td,,BV1QK4y1S7DU,,,,
281,BV1QC4y1s7bh,,,BV1Uu411y7Ls,,BV1mb4y1X7mM,,,,
282,BV1A54y197pq,,,BV1Su411y7Bp,,BV19b4y1X7WL,,,,
283,BV1wi4y1874U,,,BV1F5411m78y,,BV18b4y1X71C,,,,
284,,,,BV1C34y1Y7zP,,BV1BN41197CZ,,,,
285,,,,BV1ti4y1S7G2,,BV1Nf4y167hd,,,,
286,,,,BV1K44y157iJ,,BV1fp4y1n7jA,,,,
287,,,,BV1Gi4y1U7Ce,,BV19X4y157JG,,,,
288,,,,BV1H5411D7kP,,BV1o54y1Y7To,,,,
289,,,,BV13a411i7xD,,BV15U4y1s7aK,,,,
290,,,,BV1WS4y1K7AH,,BV1BA411M7vB,,,,
291,,,,BV1v5411S7zL,,BV1Py4y1a7in,,,,
292,,,,BV1bY4y1v7He,,BV1VX4y1L7yx,,,,
293,,,,BV1uY4y1q7vc,,BV1Yy4y1E7bG,,,,
294,,,,BV1iL411A7M1,,BV1qN411R7Ar,,,,
295,,,,BV1CL4y177VQ,,BV11X4y157DD,,,,
296,,,,BV1DL4y177Pc,,BV16h411r7tT,,,,
297,,,,BV1E3411p7fu,,BV1pv4y1Z7H4,,,,
298,,,,BV1EF411W7fM,,BV19h411C7Xn,,,,
299,,,,BV1FT4y1i7M5,,BV1Lf4y1z7tm,,,,
300,,,,BV13b4y1p7gP,,BV1Ry4y1E7bS,,,,
301,,,,BV1pR4y1F7PQ,,BV19h411C7jq,,,,
302,,,,BV17a411875b,,BV1nz4y1274X,,,,
303,,,,BV1jP4y1u7gH,,BV1Wz4y127Ay,,,,
304,,,,BV1rL411P7sL,,BV1K5411E7so,,,,
305,,,,BV1dr4y1B7gP,,BV1kK4y1n7nR,,,,
306,,,,BV16q4y1e7pn,,BV14A411M7gQ,,,,
307,,,,BV11R4y1G7N9,,BV14o4y197Dz,,,,
308,,,,BV1dS4y137V8,,BV1Av411v7Mq,,,,
309,,,,BV1BZ4y1r7Ds,,BV1954y1a7Mx,,,,
310,,,,BV1gF41147zn,,BV1Wy4y1n7L8,,,,
311,,,,BV18a411h7mw,,BV1Hf4y1r7uN,,,,
312,,,,BV12L4y1M7ud,,BV1uy4y1Y7wf,,,,
313,,,,BV1jR4y1G7cW,,BV1Fy4y1H7HK,,,,
314,,,,BV1UY411G7mC,,BV1pv4y1Z76H,,,,
315,,,,BV1bR4y1578e,,BV1pU4y1x7VL,,,,
316,,,,BV1vR4y157CG,,BV1Hz4y1U7yg,,,,
317,,,,BV1s341157TL,,BV1Az4y1U742,,,,
318,,,,BV1GR4y157ge,,BV1sV411i7G6,,,,
319,,,,BV153411j7Gy,,BV1KA411g7uF,,,,
320,,,,BV1Lr4y1z7UF,,BV14t4y1B7fE,,,,
321,,,,BV1Ab4y1x7BT,,BV1gK4y1p7oq,,,,
322,,,,BV1wP4y1c7g9,,BV17y4y1n7e2,,,,
323,,,,BV1WS4y1F745,,BV1py4y1n7R1,,,,
324,,,,BV1rP4y1F7rW,,BV1DA411u7KB,,,,
325,,,,BV1KL4y1G72F,,BV1u54y1W74E,,,,
326,,,,BV1NS4y1V7vM,,BV1x5411J7EL,,,,
327,,,,BV1Dq4y1t7Hk,,BV1KU4y1x7fJ,,,,
328,,,,BV14r4y167To,,,,,,
329,,,,BV1EF411E7zo,,,,,,
330,,,,BV14r4y167MZ,,,,,,
331,,,,BV1Rq4y147ut,,,,,,
332,,,,BV1mi4y1f7mD,,,,,,
333,,,,BV1Fm4y1o7yE,,,,,,
334,,,,BV1ab4y177rk,,,,,,
335,,,,BV1Sa411k73d,,,,,,
336,,,,BV1Km4y1d7xr,,,,,,
337,,,,BV1jR4y177zk,,,,,,
338,,,,BV1Pq4y187GC,,,,,,
339,,,,BV1JF411n7ds,,,,,,
340,,,,BV13u41197GR,,,,,,
341,,,,BV1du41197V6,,,,,,
342,,,,BV1g44y1H7zw,,,,,,
343,,,,BV1f5411Z71Y,,,,,,
344,,,,BV1ZS4y1k781,,,,,,
345,,,,BV1Eq4y1F7y1,,,,,,
346,,,,BV1m3411E7NC,,,,,,
347,,,,BV1oF411n7Dc,,,,,,
348,,,,BV14u41117b3,,,,,,
349,,,,BV1XL4y1s7CW,,,,,,
350,,,,BV1UY411t7u3,,,,,,
351,,,,BV1DZ4y1o7Kx,,,,,,
352,,,,BV1VZ4y1Z7Ga,,,,,,
353,,,,BV1jS4y1L7EC,,,,,,
354,,,,BV1SS4y1o75F,,,,,,
355,,,,BV1ZS4y1o7uB,,,,,,
356,,,,BV1Eu41117Fc,,,,,,
357,,,,BV1Wm4y1S7TH,,,,,,
358,,,,BV1o44y1W71V,,,,,,
359,,,,BV1EF411p7gT,,,,,,
360,,,,BV1s44y1L7hG,,,,,,
361,,,,BV1US4y157Kw,,,,,,
362,,,,BV1kR4y1M7Gn,,,,,,
363,,,,BV1Ar4y1i78w,,,,,,
364,,,,BV1zL4y1b7AK,,,,,,
365,,,,BV1H44y157WK,,,,,,
366,,,,BV1KR4y1g7Fo,,,,,,
367,,,,BV1MY411h7Gg,,,,,,
368,,,,BV1sq4y1y7ok,,,,,,
369,,,,BV12a411q7Ek,,,,,,
370,,,,BV1gr4y1v74p,,,,,,
371,,,,BV1Sm4y1D7iw,,,,,,
372,,,,BV1dr4y1m7ER,,,,,,
373,,,,BV1HF411q7X3,,,,,,
374,,,,BV1gr4y1U7GK,,,,,,
375,,,,BV183411v7c8,,,,,,
376,,,,BV1MR4y1s7UB,,,,,,
377,,,,BV1r3411v75h,,,,,,
378,,,,BV1tP4y1J76r,,,,,,
379,,,,BV16a41167Qz,,,,,,
380,,,,BV1za41167Xu,,,,,,
381,,,,BV1v44y1a75R,,,,,,
382,,,,BV1s44y1E7xE,,,,,,
383,,,,BV1x44y1E7sk,,,,,,
384,,,,BV1A34y1r7FA,,,,,,
385,,,,BV1Ra411r7pr,,,,,,
386,,,,BV1fa411r7TS,,,,,,
387,,,,BV1iq4y1q7Zs,,,,,,
388,,,,BV1eY411W7re,,,,,,
389,,,,BV1y44y1E7iQ,,,,,,
390,,,,BV18q4y1q7Re,,,,,,
391,,,,BV1yS4y1D7ei,,,,,,
392,,,,BV1eQ4y1i7Mk,,,,,,
393,,,,BV1Si4y1o7Rs,,,,,,
394,,,,BV1Yf4y1K7vL,,,,,,
395,,,,BV1Uh41147H5,,,,,,
396,,,,BV1KM4y1P75T,,,,,,
397,,,,BV1uf4y1K73o,,,,,,
398,,,,BV19S4y197sK,,,,,,
399,,,,BV1pQ4y1U7iS,,,,,,
400,,,,BV1Xb4y1t7CK,,,,,,
401,,,,BV1Qq4y1379S,,,,,,
402,,,,BV1iY411x71K,,,,,,
403,,,,BV1PL411u7Gw,,,,,,
404,,,,BV1AP4y157DP,,,,,,
405,,,,BV1xR4y1E7Rc,,,,,,
406,,,,BV11R4y1E7So,,,,,,
407,,,,BV1Eq4y1k7bN,,,,,,
408,,,,BV18F411a7hm,,,,,,
409,,,,BV1PT4y1d7pB,,,,,,
410,,,,BV1qb4y1b7Bd,,,,,,
411,,,,BV1Vg411K7zg,,,,,,
412,,,,BV1RS4y1R7Gj,,,,,,
413,,,,BV1fT4y1R7WD,,,,,,
414,,,,BV1y44y1v7Td,,,,,,
415,,,,BV19q4y197Mt,,,,,,
416,,,,BV1Fq4y1R7dB,,,,,,
417,,,,BV1PL4y1z78t,,,,,,
418,,,,BV1Cb4y1b783,,,,,,
419,,,,BV1Kr4y11736,,,,,,
420,,,,BV1ph41187ng,,,,,,
421,,,,BV1aq4y1G71W,,,,,,
422,,,,BV1Af4y1372Q,,,,,,
423,,,,BV1of4y1g7qq,,,,,,
424,,,,BV1jb4y1h7qw,,,,,,
425,,,,BV1iL4y1B7Z7,,,,,,
426,,,,BV1M34y1m7ez,,,,,,
427,,,,BV1MT4y1o7eL,,,,,,
428,,,,BV12P4y1t7Bt,,,,,,
429,,,,BV1Ur4y127Mk,,,,,,
430,,,,BV1tq4y1d7LK,,,,,,
431,,,,BV1Rr4y127vu,,,,,,
432,,,,BV1KR4y1H7NV,,,,,,
433,,,,BV1LQ4y1B7L7,,,,,,
434,,,,BV1Fq4y1d7UM,,,,,,
435,,,,BV1LQ4y1C7W1,,,,,,
436,,,,BV1S44y147Ht,,,,,,
437,,,,BV1X341127FV,,,,,,
438,,,,BV1Mq4y1P7eb,,,,,,
439,,,,BV1WL41147x9,,,,,,
440,,,,BV1hL4y1a73M,,,,,,
441,,,,BV1nf4y1w7rU,,,,,,
442,,,,BV1af4y1P7Mr,,,,,,
443,,,,BV1mg411F7B3,,,,,,
444,,,,BV1Xg411F7sN,,,,,,
445,,,,BV1z3411q7Gw,,,,,,
446,,,,BV1hv411w7H8,,,,,,
447,,,,BV1n44y1h7pv,,,,,,
448,,,,BV19f4y1A7Zw,,,,,,
449,,,,BV1uh411p7D6,,,,,,
450,,,,BV1q64y1Y7dU,,,,,,
451,,,,BV17M4y1G78D,,,,,,
452,,,,BV18U4y1771a,,,,,,
453,,,,BV1K3411q756,,,,,,
454,,,,BV1dh411W72e,,,,,,
455,,,,BV1U64y1Y7ga,,,,,,
456,,,,BV1kq4y1K7Fj,,,,,,
457,,,,BV1XU4y1j7pG,,,,,,
458,,,,BV1DQ4y1h7R9,,,,,,
459,,,,BV1ky4y1G7F5,,,,,,
460,,,,BV1Wf4y1N7nb,,,,,,
461,,,,BV1Jv411A7n2,,,,,,
462,,,,BV1FQ4y1e7QW,,,,,,
463,,,,BV1Th411q7bC,,,,,,
464,,,,BV1BA411A7mm,,,,,,
465,,,,BV1v3411B7zB,,,,,,
466,,,,BV1Jb4y1m71d,,,,,,
467,,,,BV1C44y1y72x,,,,,,
468,,,,BV1yh411i7UE,,,,,,
469,,,,BV1bh411i7o5,,,,,,
470,,,,BV1Yf4y137KH,,,,,,
471,,,,BV1Pq4y1H7tD,,,,,,
472,,,,BV1Mv411T7i3,,,,,,
473,,,,BV1rf4y1V74q,,,,,,
474,,,,BV1sq4y1H75N,,,,,,
475,,,,BV1p64y1s74f,,,,,,
476,,,,BV123411r7N9,,,,,,
477,,,,BV1Kq4y1Q79Y,,,,,,
478,,,,BV15o4y1S78p,,,,,,
479,,,,BV1fg41177gv,,,,,,
480,,,,BV1i64y1B7SW,,,,,,
481,,,,BV1Vq4y1n7VH,,,,,,
482,,,,BV1zf4y157EM,,,,,,
483,,,,BV1N64y1B7X2,,,,,,
484,,,,BV1ew411R7XZ,,,,,,
485,,,,BV15L411p7UD,,,,,,
486,,,,BV1w44y1m7pL,,,,,,
487,,,,BV1tP4y147GQ,,,,,,
488,,,,BV1SL411H7Yo,,,,,,
489,,,,BV1sy4y1j7KK,,,,,,
490,,,,BV1eq4y1H7wm,,,,,,
491,,,,BV1n54y1E71x,,,,,,
492,,,,BV1Yb4y1k71k,,,,,,
493,,,,BV1zy4y1T7kJ,,,,,,
494,,,,BV1Ng411M78U,,,,,,
495,,,,BV1Hf4y1j7iw,,,,,,
496,,,,BV1sV411W7yA,,,,,,
497,,,,BV1vX4y1w7rL,,,,,,
498,,,,BV1yV411W7Z8,,,,,,
499,,,,BV1zf4y1L7pG,,,,,,
500,,,,BV13g411u7kS,,,,,,
501,,,,BV1Gh411h7PE,,,,,,
502,,,,BV1Qb4y1C7CS,,,,,,
503,,,,BV1oM4y1T719,,,,,,
504,,,,BV1FB4y1T7vc,,,,,,
505,,,,BV1xf4y1t7hv,,,,,,
506,,,,BV1qb4y1C7e4,,,,,,
507,,,,BV12y4y1T7ej,,,,,,
508,,,,BV1tB4y1K7CD,,,,,,
509,,,,BV1h64y197AB,,,,,,
510,,,,BV1a54y1H71y,,,,,,
511,,,,BV1Rg411M7Dy,,,,,,
512,,,,BV1Qg411M7tm,,,,,,
513,,,,BV1Jq4y1s7nB,,,,,,
514,,,,BV1SX4y1A7Kt,,,,,,
515,,,,BV1i5411K7Es,,,,,,
516,,,,BV1xf4y187pK,,,,,,
517,,,,BV1xV411s7Ei,,,,,,
518,,,,BV1DB4y1M7KN,,,,,,
519,,,,BV14g411g7SK,,,,,,
520,,,,BV1DK4y137jZ,,,,,,
521,,,,BV1Xv411p7UR,,,,,,
522,,,,BV1pK4y1X7G4,,,,,,
523,,,,BV14A41137JC,,,,,,
524,,,,BV1qV411x7QX,,,,,,
525,,,,BV1E5411M7AQ,,,,,,
526,,,,BV1rK4y1X7bQ,,,,,,
527,,,,BV1BA41137Wt,,,,,,
528,,,,BV1jK4y1X7de,,,,,,
529,,,,BV1ny4y137br,,,,,,
530,,,,BV1u64y1R7rs,,,,,,
531,,,,BV1So4y1C74M,,,,,,
532,,,,BV1w54y157wX,,,,,,
533,,,,BV1dU4y1L7Vd,,,,,,
534,,,,BV1Kg411G7pF,,,,,,
535,,,,BV1Tg411G7b1,,,,,,
536,,,,BV1644y1z7eV,,,,,,
537,,,,BV1yf4y1b7sk,,,,,,
538,,,,BV16b4y1Z7eg,,,,,,
539,,,,BV1254y137oV,,,,,,
540,,,,BV1NQ4y197f4,,,,,,
541,,,,BV1i54y1V7Xc,,,,,,
542,,,,BV1DU4y1L7Lz,,,,,,
543,,,,BV1v64y1o745,,,,,,
544,,,,BV1W5411g7YF,,,,,,
545,,,,BV1sK4y1G73t,,,,,,
546,,,,BV1aQ4y1R7Kh,,,,,,
547,,,,BV1v64y1d78q,,,,,,
548,,,,BV1h5411u79Y,,,,,,
549,,,,BV1wN411Z7H4,,,,,,
550,,,,BV1co4y117mX,,,,,,
551,,,,BV1iy4y1W7sU,,,,,,
552,,,,BV1bN411Z7nv,,,,,,
553,,,,BV1TN411Z7Aw,,,,,,
554,,,,BV1G44y1r7Tv,,,,,,
555,,,,BV1Y64y1C7kp,,,,,,
556,,,,BV1cb4y1f76G,,,,,,
557,,,,BV1kq4y177ad,,,,,,
558,,,,BV1HU4y1t7Pi,,,,,,
559,,,,BV1vK4y1A7es,,,,,,
560,,,,BV1o54y1j7ea,,,,,,
561,,,,BV1bo4y127m2,,,,,,
562,,,,BV1Rb4y1Z7tk,,,,,,
563,,,,BV1zp4y147mt,,,,,,
564,,,,BV1M64y127YK,,,,,,
565,,,,BV13V411n7Kb,,,,,,
566,,,,BV1S54y1L7yv,,,,,,
567,,,,BV1pK4y1P7Bf,,,,,,
568,,,,BV1MA411V7D1,,,,,,
569,,,,BV1vU4y1b7kL,,,,,,
570,,,,BV1Kp4y147R3,,,,,,
571,,,,BV1Xb4y1D7xu,,,,,,
572,,,,BV1wb4y1Q7Hh,,,,,,
573,,,,BV1ao4y1f7Do,,,,,,
574,,,,BV1xh411S79U,,,,,,
575,,,,BV1Hf4y1p7CW,,,,,,
576,,,,BV1V84y1F7bd,,,,,,
577,,,,BV1vU4y1b7fF,,,,,,
578,,,,BV1W64y1i7tH,,,,,,
579,,,,BV1qp4y1t71d,,,,,,
580,,,,BV1864y1m7UW,,,,,,
581,,,,BV13f4y1p7J5,,,,,,
582,,,,BV1aK4y1o7sE,,,,,,
583,,,,BV1HQ4y1Z7hp,,,,,,
584,,,,BV1r64y1m7SN,,,,,,
585,,,,BV165411c7eD,,,,,,
586,,,,BV1QB4y1w7pn,,,,,,
587,,,,BV1h54y1b7K1,,,,,,
588,,,,BV1654y1b7KR,,,,,,
589,,,,BV12K411F7Eu,,,,,,
590,,,,BV1uB4y1A7dd,,,,,,
591,,,,BV1Z64y1v785,,,,,,
592,,,,BV1oK4y1m7xD,,,,,,
593,,,,BV1MK4y1K7xs,,,,,,
594,,,,BV1yA41157i5,,,,,,
595,,,,BV1PX4y1g7k2,,,,,,
596,,,,BV18B4y1w76J,,,,,,
597,,,,BV1cX4y1G7gU,,,,,,
598,,,,BV1Q64y1D7xY,,,,,,
599,,,,BV1jy4y1h7Nh,,,,,,
600,,,,BV1Fb4y1X7PT,,,,,,
601,,,,BV1QK4y1T7z2,,,,,,
602,,,,BV1xB4y1P7NA,,,,,,
603,,,,BV1nX4y1G7Eu,,,,,,
604,,,,BV1FX4y1G74X,,,,,,
605,,,,BV1hU4y1a7nA,,,,,,
606,,,,BV1m64y1D7qN,,,,,,
607,,,,BV1q5411w7MF,,,,,,
608,,,,BV1iK4y1T77Z,,,,,,
609,,,,BV1JV411n7eZ,,,,,,
610,,,,BV17U4y1a7Bn,,,,,,
611,,,,BV1of4y1s7aT,,,,,,
612,,,,BV1rK4y1U7hw,,,,,,
613,,,,BV1My4y1h7MJ,,,,,,
614,,,,BV1rz4y117sV,,,,,,
615,,,,BV1RX4y137fw,,,,,,
616,,,,BV1uU4y1a7dy,,,,,,
617,,,,BV1CZ4y1w7xf,,,,,,
618,,,,BV1CK4y1U7Fd,,,,,,
619,,,,BV1hh411Q7Xm,,,,,,
620,,,,BV1zU4y1p7Rj,,,,,,
621,,,,BV12v411h7SH,,,,,,
622,,,,BV1w54y1a7YQ,,,,,,
623,,,,BV1fb4y1R7xJ,,,,,,
624,,,,BV1q54y1h7DF,,,,,,
625,,,,BV1CZ4y1A7zu,,,,,,
626,,,,BV1tv411h7Wx,,,,,,
627,,,,BV1KZ4y1P7Zj,,,,,,
628,,,,BV15y4y1779t,,,,,,
629,,,,BV1tf4y167AU,,,,,,
630,,,,BV1bV411v7fz,,,,,,
631,,,,BV1tr4y1A7zE,,,,,,
632,,,,BV1Bh411k7nT,,,,,,
633,,,,BV1DX4y15753,,,,,,
634,,,,BV1sr4y1N76D,,,,,,
635,,,,BV17v411Y7eH,,,,,,
636,,,,BV18z4y127yS,,,,,,
637,,,,BV14r4y1N7gn,,,,,,
638,,,,BV1Vf4y167A7,,,,,,
639,,,,BV1ZA411T7eZ,,,,,,
640,,,,BV1rv411a7ef,,,,,,
641,,,,BV1JA411g7Zg,,,,,,
642,,,,BV1Fi4y1F7ro,,,,,,
643,,,,BV1MX4y1N7Vw,,,,,,
644,,,,BV1Ay4y1n7WT,,,,,,
645,,,,BV1jN411o7gC,,,,,,
646,,,,BV16v411s7oe,,,,,,
647,,,,BV1uo4y1d7Qw,,,,,,
648,,,,BV1cX4y1N72e,,,,,,
649,,,,BV18y4y1n73U,,,,,,
650,,,,BV1Ey4y127iJ,,,,,,
651,,,,BV1Zp4y1W7J5,,,,,,
652,,,,BV1sT4y1P7MX,,,,,,
653,,,,BV1jK4y1p7Wv,,,,,,
654,,,,BV165411J7xj,,,,,,
655,,,,BV1xV411B78U,,,,,,
656,,,,BV1rU4y147nz,,,,,,
657,,,,BV1Hv411s7rS,,,,,,
658,,,,BV1yv4y1f7Tv,,,,,,
659,,,,BV1Sz4y1S7is,,,,,,
660,,,,BV1Ao4y1Z75g,,,,,,
661,,,,BV1CK4y1H7wQ,,,,,,
662,,,,BV1GA411p7TG,,,,,,
663,,,,BV1ji4y1c7bC,,,,,,
664,,,,BV1gf4y1k7Ex,,,,,,
665,,,,BV1Mr4y1M7GU,,,,,,
666,,,,BV1Yv411W7Ng,,,,,,
667,,,,BV16y4y1H7tG,,,,,,
668,,,,BV18z4y1676w,,,,,,
669,,,,BV1rX4y1K72n,,,,,,
670,,,,BV1zK411u7cr,,,,,,
671,,,,BV1hK4y1574D,,,,,,
672,,,,BV1sy4y127XW,,,,,,
673,,,,BV1Zy4y1e7WY,,,,,,
674,,,,BV1Hz4y167eS,,,,,,
675,,,,BV1eo4y1o7C1,,,,,,
676,,,,BV1Mz4y167oJ,,,,,,
677,,,,BV1df4y1r7go,,,,,,
678,,,,BV1Do4y1d7oF,,,,,,
679,,,,BV1JT4y1N7sZ,,,,,,
680,,,,BV1LA411H7um,,,,,,
681,,,,BV18v411x7Kv,,,,,,
682,,,,BV1Cv411x7u6,,,,,,
683,,,,BV1dX4y1N7hW,,,,,,
684,,,,BV1jz4y167k4,,,,,,
685,,,,BV1zA411W7hn,,,,,,
686,,,,BV1zA411W7Ag,,,,,,
687,,,,BV1bf4y1y78N,,,,,,
688,,,,BV1uo4y1Z78r,,,,,,
689,,,,BV1zX4y1u7b3,,,,,,
690,,,,BV1rA411s7UA,,,,,,
691,,,,BV1DV411h7Vd,,,,,,
692,,,,BV1vV411b74Y,,,,,,
693,,,,BV1Xy4y1m7nT,,,,,,
694,,,,BV1Nh411f79p,,,,,,
695,,,,BV1fi4y1c7iM,,,,,,
696,,,,BV1MA411s7kx,,,,,,
697,,,,BV1w5411V7JM,,,,,,
698,,,,BV12K411u7q6,,,,,,
699,,,,BV1Uv41147FA,,,,,,
700,,,,BV1Ey4y1i73M,,,,,,
701,,,,BV1yp4y1q7JD,,,,,,
702,,,,BV1A54y1t73F,,,,,,
703,,,,BV1Gf4y1e7HP,,,,,,
704,,,,BV1Da4y1H78S,,,,,,
705,,,,BV1Hz4y1C7pp,,,,,,
706,,,,BV1354y1t7ne,,,,,,
707,,,,BV12y4y1S7Zn,,,,,,
708,,,,BV1xy4y1S7vc,,,,,,
709,,,,BV1RT4y1T7Sp,,,,,,
710,,,,BV1Wa4y1H7j8,,,,,,
711,,,,BV1Ly4y1B7J4,,,,,,
712,,,,BV1by4y1S7f1,,,,,,
713,,,,BV1cV411h7YH,,,,,,
714,,,,BV1Xy4y1S7MD,,,,,,
715,,,,BV1FZ4y1G7rZ,,,,,,
716,,,,BV1Ri4y1V7hZ,,,,,,
717,,,,BV11z4y1k71s,,,,,,
718,,,,BV1Bz4y1k7UK,,,,,,
719,,,,BV1ky4y167Ye,,,,,,
720,,,,BV1LV411Y79p,,,,,,
721,,,,BV11v411t7VU,,,,,,
722,,,,BV1iy4y167xr,,,,,,
723,,,,BV1Uv411t78A,,,,,,
724,,,,BV1Z541137TQ,,,,,,
725,,,,BV1aA411x7TP,,,,,,
726,,,,BV1ry4y1q7GX,,,,,,
727,,,,BV1Yf4y1v7X1,,,,,,
728,,,,BV1mA411x7pk,,,,,,
729,,,,BV1qy4y167YF,,,,,,
730,,,,BV1ja4y1W79x,,,,,,
731,,,,BV1eK411V7s2,,,,,,
732,,,,BV1Fy4y167ye,,,,,,
733,,,,BV1Z5411V7QT,,,,,,
734,,,,BV1Wy4y1z7LD,,,,,,
735,,,,BV1Ua4y1p7Dp,,,,,,
736,,,,BV1FK411V7KQ,,,,,,
737,,,,BV1Ca4y1p7PA,,,,,,
738,,,,BV1Zt4y1e7yE,,,,,,
739,,,,BV1ty4y1z7Rk,,,,,,
740,,,,BV1eZ4y137zy,,,,,,
741,,,,BV1wZ4y157mV,,,,,,
742,,,,BV1Ai4y1j7Wt,,,,,,
743,,,,BV1jy4y16757,,,,,,
744,,,,BV1Y54y1z7vX,,,,,,
745,,,,BV1DD4y197mr,,,,,,
746,,,,BV1dy4y1B7oh,,,,,,
747,,,,BV1Fv411r7yR,,,,,,
748,,,,BV1Ly4y1z7FK,,,,,,
749,,,,BV18y4y1r7XR,,,,,,
750,,,,BV1o54y167Gj,,,,,,
751,,,,BV1xV411y7y3,,,,,,
752,,,,BV1P5411L7d7,,,,,,
753,,,,BV1tZ4y1V77C,,,,,,
754,,,,BV1si4y177u4,,,,,,
755,,,,BV1Zt4y1v77b,,,,,,
756,,,,BV11i4y1j7as,,,,,,
757,,,,BV16k4y1C7hv,,,,,,
758,,,,BV18D4y1d7LR,,,,,,
759,,,,BV1ca4y1L7Vm,,,,,,
760,,,,BV1T54y1C7qH,,,,,,
761,,,,BV1WD4y1d71U,,,,,,
762,,,,BV1Rk4y1C76m,,,,,,
763,,,,BV1Mf4y1Q7DQ,,,,,,
764,,,,BV1Ey4y1C7R8,,,,,,
765,,,,BV1A54118797,,,,,,
766,,,,BV1gK4y1Y7wB,,,,,,
767,,,,BV1u54y1173L,,,,,,
768,,,,BV1YT4y1A7SM,,,,,,
769,,,,BV1zt4y1q7K5,,,,,,
770,,,,BV11D4y1o72g,,,,,,
771,,,,BV1A54y117gF,,,,,,
772,,,,BV1Xk4y1k7ts,,,,,,
773,,,,BV1Rh411R7WS,,,,,,
774,,,,BV1Sh411R7kJ,,,,,,
775,,,,BV1Nk4y117gi,,,,,,
776,,,,BV1Y5411b7NL,,,,,,
777,,,,BV14K411K7nt,,,,,,
778,,,,BV1V54y1m7ij,,,,,,
779,,,,BV16t4y1i7kG,,,,,,
780,,,,BV1Nf4y1D7zp,,,,,,
781,,,,BV1Bh411R76K,,,,,,
782,,,,BV1av41117qd,,,,,,
783,,,,BV1pv411C7yz,,,,,,
784,,,,BV1Lp4y1e7uw,,,,,,
785,,,,BV1DZ4y1P72c,,,,,,
786,,,,BV1mf4y1Q7sS,,,,,,
787,,,,BV1aD4y1m7mL,,,,,,
788,,,,BV1df4y1Q7Lm,,,,,,
789,,,,BV1wf4y1X78t,,,,,,
790,,,,BV1Hk4y127cm,,,,,,
791,,,,BV1oD4y127yA,,,,,,
